FILE,FILE_TYPE,RELATIONSHIPS
Testing.pptx,pptx,N/A
Undergraduate Program Reviews | Texas A&M University Kingsville,html,N/A
Course-Related Policies | Texas A&M University Kingsville,html,N/A
Your Opinion Matters! | Texas A&M University Kingsville,html,N/A
Academic Affairs Forms | Texas A&M University Kingsville,html,N/A
Academic Affairs | Texas A&M University Kingsville,html,N/A
match-context-test.pdf,pdf,N/A
Distance Education Courses | Texas A&M University Kingsville,html,N/A
Academic Affairs Standard Operating Procedures | Texas A&M University Kingsville,html,N/A
Program Review Processes and Reports | Texas A&M University Kingsville,html,N/A
"Promotion, Tenure & Post-Tenure Review | Texas A&amp;M University Kingsville",html,N/A
Reports | Texas A&M University Kingsville,html,N/A
Student Achievement and Success Data | Texas A&M University Kingsville,html,N/A
Summer and Intersession Pay Plan | Texas A&M University Kingsville,html,N/A
Undergraduate Curriculum Committee | Texas A&M University Kingsville,html,N/A
cleryreport.pdf,pdf,N/A
coas.pptx,pptx,N/A
DEI.doc,doc,N/A
DEIA.xlsx,xlsx,N/A
Diversity-Equity-Inclusion-csv.csv,csv,N/A
diversity.docx,docx,N/A
Garland_Flyer April 2023.1.pdf,pdf,N/A
Javelina Today | Texas A&M University Kingsville,html,N/A
Loflin_CV-Jan2023.pdf,pdf,N/A
SharePoint Consulting Services.pdf,pdf,N/A
Test.docx,docx,N/A